screen_name,description,label
George_Tr0,19 - ğŸ‡¬ğŸ‡§ğŸ´ó §ó ¢ó ¥ó ®ó §ó ¿ğŸ´ó §ó ¢ó ·ó ¬ó ³ó ¿ğŸ‡­ğŸ‡º - London/Nottingham - IR student - Centre-right - Zionist mouthpiece - Lib Dem - Macron stan ğŸ‡«ğŸ‡· - Insta: george.tr0,below30
Joel_Dowler,17 | Politics student | Member of the Liberal Democrats ğŸ”¸ï¸ (@YoungLiberalsUK @HaltonLibDems) | @HaltonYC #youthvoice ğŸ—£ | All views are my own,below30
Petros_AC,21. Commercial Music Student at Bath Spa. President of @BSULibDems. Liverpool Fan. Ex-Londoner.,below30
morganvickers11,"18, Uni Student. Thatâ€™s it really.",below30
LetPurpleSayFuc,"29 / She/her / I just want to smooch my geef @sarkaystic ğŸ˜˜ but my $18,534.84 student loan debt is killing me. You can help https://t.co/M3vkObmzb2",below30
Liberal97,"22, Student ğŸ‘¨ğŸ¼â€ğŸ“, Social Liberal ğŸ”¶, Feminist ğŸšº, L(G)BT+ ğŸ³ï¸â€ğŸŒˆ.  Lover of bow ties, Taylor Swift and liberalism. Demisexual. He/Him.",below30
alice_2618,16 | london | student | vegan | ğŸ”¶,below30
GlynPreston,20 | Politics student at UoB,below30
TheArchiePowell,21 ğŸˆ| Computer Science grad ğŸ“| HPC PhD studentğŸ“š | Hardware enthusiast ğŸ”Œ | Rollercoaster nut ğŸ¢ | Lib Dem ğŸ”¶ | Built to change the world ;),below30
leonminster,"born 1941, educated Taunton's School Southampton & Birmingham University. RT = understood: no more no less.",over60
tcurtisma,Senior Lecturer Faculty of Education Manchester Metropolitan University ( retired ),over60
BrianGoredemaBr,"I am a retired university lecturer. My background is in Youth & Community Work. I enjoy most sport, music, acting in murder mystery plays and worldwide travel",over60
HilaryMarchant,"First woman on Trinity Cambridge University Challenge team, still asking & occasionally answering awkward questions. GB/IRL/European.",31-59
LDNYoungLiberal,"London students and young professional @LibDems 
email: simon.mansfield@youngliberals.uk",
alexcburrows,"Transport expert (policy, strategy, tech, innovation), work in rail industry, PhD student, wine, politics, adopted Brummie, AFC Wimbledon/Girondins de Bordeaux",31-59
Doctorshaib,Senior Clinical Lecturer at University of Exeter Medical School. Over 20 years experience in Communicable Disease Control & Infectious disease management.,
JoeOTooIe,"19, student. Political/Green/LGBT+ activism. Pro-PR, pro-EU, left of centre, Green/Lab/LD in that order, tactical voter. #MakeVotesMatter #FBPE",below30
DavidLe69434628,45 years experience Cost Engineering and Project Controls in European Space industry and UK Defence. Semi retired. Pro EU.,over60
steviweavi,"100% FOREIGN! Tolerance & respect of other cultures enriches life's experiences. Remainer, have a problem with that, then jog on! #ExitFrombrexit #Peoplesvote",
Randombiz,"Semi-retired IT professional working to change Politics for Good. Recently referred to as an activist and rabble rouser, happy with that ğŸ˜",over60
JanetBLACKMAN10,1950s born woman - outraged at the abuse of women by the 3 main political parties in respect of the rapid escalation of the state pension age with no notice.,over60
jrk47,65 (but not retired due to government legislation),over60
TrishaL8,"20thC woman learning 21stC comms skills.Likes coffee,cake&chat.Interested in Mental Health,Carer issues, Epilepsy & Social Justice",
DurrantHelen,50's born WASPI woman ğŸ•·. Working lone parent without claiming benefits. Diddled out of 6 years pension but not without a fight. Hopping mad and want my dues!!,
annwhyntie,"Interior Designer, Artist(?). Busy being retired. Retired first woman Chair of Titchfield Bonfire Boys Society. Proud to help support the community. Likes wine.",over60
alistairwallld,18 | Bristol | Lib Dem | He/Him,below30
mickhump,"65 yr old, Former Airborne Sapper, Husband/Father/Grandfather/Lib Dem/piano player (very poor)/Saints fan/ cant believe my life/wife is so wonderful.",over60
waywardcai,"19 / ğŸ‡¬ğŸ‡§ / ğŸ‡ªğŸ‡¸ / ğŸ³ï¸â€ğŸŒˆ
Law at KCL",below30
erawnomiS,42. mostly harmless,31-59
MainesChris,"2016/2018 Chair of London 
2020 Lib Dem list candidate for London Assembly 
#LoveLondonBetter
#BetterwithBenita",
johndoran1,100% European 0% Gammon @wokinglibdems campaigner for Horsell,
AJChapmanauthor,25 years as a doctor and now an author.Three novels published and a fourth due in December 2019,below30
SilverWidow,"1950s-born widow, pension deferred twice, job-seeking and barely clinging on financially. Savings almost depleted so something will have to give soon.",over60
terminallytang1,"31 January 2020 = Doris Day: duplicitous, oligarch appeasing, recklessly irresponsible, sell-out day. To the end, to the end, We Remain.",
ch_1401,20 | @WakefieldLibDem member | Save the rhinos ğŸ¦ğŸŒ± | pothole enthusiast,below30
LHMackay,"50s, one son, happily married, Scot living south of the border -love tweeting about politics. I have had 3 strokes.",31-59
martin97903661,"100% Remain, 100% Anti-Tory, Voting to dump Tory at all cost Save NHS, Save all Services, Fix Destitution, Fix Rail, Gas, Electric, Water, etc.",
TerenceKnott1,"28 years Commandos, then NHS, own companies U.K./Spain. Led U.K. charity assistance dogs for disabled. Retired, living S of France. Anti Brexit unpaid vol Renew",over60
GardenersArms73,"45 #iameuropean, married to @bogusianowakows @thechrisbarron is a great guy. #weloveeu #Europe #EU. ğŸ‡ªğŸ‡ºğŸ‡ªğŸ‡ºğŸ‡ªğŸ‡ºğŸ‡ªğŸ‡ºğŸ‡ªğŸ‡ºğŸ‡ªğŸ‡º #ReJoiner #FoM",31-59
Edward_Duncan,"47 years old a genius of some sort. Is an oracle in that sometimes I see the future ğŸ”®, but doubt in myself and for others in this is important.ğŸ‡ªğŸ‡º#FBPE",31-59
B3CPres,"100% Revoker, reject the 2016 Referendum, despise the hostile environment policy.",
Belfastatheart,"100% Northern Irish, Proud European, and will be beyond the delusional Brexit! My opinions are my own and they are not for changing, donâ€™t even try!",
OliveEaton16,"12:00 on 23.07.2019 election of BJ, a.k.a Alexander Johnson, a.k.a Britain Trump, we reach bottom, Dante's Hell, a cold place without truth: shameless deceit",
remontvposaderu,25 Ğ»ĞµÑ‚,below30
kateheydonorg,"2012 acute proximal DVT with delayed diagnosis of 5 1/2 weeks, leading to clawed R. foot. Former half marathon runner. Earth sciences. Cycles for fun/transport.",
TheOldLostRoad,26yrs ME/CFS. Mother of daughters. Left/Green. I like humble people. I am mostly very quiet.ğŸ•Š,below30
Deborah12474068,"58 years old, be a grown up eventually!",31-59
MadeintheBridge,30 year old (basically 26) RN who is passionate about #patientsafety #999family #mentalhealth #NurseTwitter #Resp #mensmentalhealth ğŸ³ï¸â€ğŸŒˆ Views are Patriciaâ€™s.,31-59
FrauBooka,"25 yrs as Head of German, resident in Bucks & Bavaria Now pt Tutor of German.â¤ï¸ Germany,Europe & multiculturalism but hate Brexit with a passion. Views my own",below30
onlyconnect71,79 year old liberal Remainer. Retired from education. #FBPE #RevokeArt.50,over60
Adrian110527,"53.2307Â°N,05406Â°W",
DanielM_W,25,below30
aaronjamesf1,"28, Cornish | @southamptonfc, Robot Wars, Motorsport fan, love @manics & @chvrches | MRes, BA (Hons) Journalism, Media Producer | Views Own | RT=not endorsement",below30
lukeejeffery,20 | Co-Chair of Devon and Cornwall Young Liberals @YL_DC | Youth Dev Officer @TivHonLibDems | Lib Dem District Councillor Honiton St Michael's @eastdevon,below30
1230jackie,"1230 TWC |networker|international speaker|trainer|connector|Business connections wherever there are business women|speednetworking|pink, purple hair!",
mandybrar12,49 turning 21. Lib Dem local councillor for the cookham!,31-59
AishaJMir,"2019 GE Parliamentary Candidate.
Businesswoman who wears many hats. Liberal, outward looking and progressive. Views are my own, RTS not endorsements",
_freyahope,"17, conservative, care leaver, christian. personal account, for serious stuff follow @freyahgreenwood",below30
jakelibdem,"2019 GE candidate for the @SalfordLibDem in Salford & Eccles. Fighting for a Liberal voice on Salford Council in 2020. 

âœ‰ï¸ - jake@salfordlibdems.org.uk",
askhertostand,"50:50 Parliament #AskHerToStand working with all Parties inspiring & supporting women to Parliament., encouraging them to #SignUpToStand ğŸ™Œto help them win seats",
jimbolene,"54, Hitched, 2 old kids...well that is what they say they are, but i suspect they are something far more sinister. Bewitched",31-59
hassaanhch,25. Used to be an account for public transport discussion. But 2016 unleashed racism and xenophobia that have made me unwelcome in the country I was born in ğŸ˜¡,below30
LukeTaylorLD,"2019 LD Candidate for Mitcham and Morden, 2015 LD Candidate for Battersea, trying to be part of the solution.",
Jamorgan1950,70th year,over60
doublemacc,"20th Century Sci-Fi & Double Macchiatos | Founder, @IG_Advisors | CEO, @MisfitsMedia | Chairman, @Lightful",
Snoozette1,"2016: Voted Leave - regretted it immediately &
campaigned to StopBrexit | 2019: Voted Remain - I will always be European. I will always be a #RemainerNow",
lester_hickling,"36yrs Labour member, Unite,Momentum,medium size Business owner, looking for a fair unbiased media.retweetâ€™s do not signify agreement or support,donâ€™t answer DMs",31-59
no1fiftiesfan,40 years in property management (boring!!!)   and   20 years in online education(exciting). Worn out - waiting to retire!,over60
JulieMontoya20,"45 out of 46 cannot be called a failure by any reasonable person.
As well as, not instead of.
You/She/Her (locally,her/her). Inverse Pescetarian. 
#girlslikeus",
discworld_girl,30-something year old kid with a discworld addiction. #StillARemainer She/Her. â€œDonâ€™t make poverty history; make it current affairs.â€ - Tony Walsh,31-59
hassine_laribi,21Net Networkrail Railway Us Rail Uk Rail,
jaixzz,"1704: Brit Gib ğŸ•·ï¸
1713:Territry+Port ceded.UKGB
1982: Gib Waters confirmd Treaty Montego Bay, DMZ bisect'n lat
1985: Spain+EU,condit'nl open border",
rhi0406,20 â€¢ Wales and Ospreys supporterğŸ´ó §ó ¢ó ·ó ¬ó ³ó ¿ğŸ‰,below30
BeyRihStan,22 GRAMMYs. BeyHive... sometimes Rihanna Navy... sometimes sometimes Barbz.,below30
PaulClayton1977,"42 year old food loving cricketaholic.  Proud European.  Stamp collector, part time stamp trader - check out paul_s_clayton1977 on https://t.co/TAduba91cA for GB stamps",31-59
baker_sarahlou,50+ & divorced ğŸ™ŒI love a good read ğŸ“šenjoy walking ğŸ‘£ğŸ‘Ÿ and love holiday'sğŸŒğŸ˜,31-59
hughie_go,60+ husband and father with a wry look on the world. LibDem. Dormant on Twitter until Brexit - ardent Remainer. Railway and MG geek. RT does not = agreement.,over60
Ell_Jayne98,22 years of age ğŸ¤™ğŸ»Professional Loser ğŸ¦„ğŸŒˆğŸŒˆğŸŒˆğŸŒˆğŸŒˆ Proud Lib Dem Activist ğŸ”¶ History Obsessed ğŸ“š,below30
Mitch20015,18 - Interested in ğŸ‡¬ğŸ‡§ğŸ‡ºğŸ‡¸ğŸ‡¨ğŸ‡¦ğŸ‡ªğŸ‡º politics. #TreeHugger #Lexit #AlohaGang ğŸ‡¬ğŸ‡§ğŸ´ó §ó ¢ó ¥ó ®ó §ó ¿â¡ï¸ğŸŒ¸ğŸŒºğŸŒ»ğŸŒ¹ğŸ§¢ğŸ±ğŸ¶,below30
OwenLambert1,"21M. Lancaster and Morecambe Liberal Democrats ğŸ”¶ï¸, @ALDC Staff, Campaigner. He/Him, ğŸ’—ğŸ’œğŸ’™. Morecambe lad through and through. Kay ğŸ’–ğŸ’–ğŸ’–",
Minnyminnow,"30+ â™€ï¸ğŸ’• science, nature, aquatics, space, dinos, prehistory, art, music, Wales, SLee, NIN, AFI, Jeff, Lilly, Yonce, Elon, GOT, JP/W, KSmith, BCox & MUCH more.",31-59
ajmorecroft,33. ENTJ. South East London. Ex-expat. ğŸ³ï¸â€ğŸŒˆğŸ‡ªğŸ‡ºğŸ‡¬ğŸ‡§ğŸ‡©ğŸ‡ªğŸ‡³ğŸ‡±. Marketing & Fundraising @movetheworlduk. Views are my own.,31-59
Wagbo42,911 was an inside joke,
CJLittlemore,23 â€¢ @WelshLibDems Board Member â€¢ Dysgwr â€¢ Lover of sequins â€¢ He/Him â€¢ ğŸ³ï¸â€ğŸŒˆğŸ´ó §ó ¢ó ·ó ¬ó ³ó ¿ğŸ‡¬ğŸ‡§ğŸ‡ªğŸ‡º,below30
kevina364,"43, News, Sport,Politics & Polling with my right wing Libertarian views thrown in from time to time. For an EFTA Brexit which upsets some on both sides.",31-59
oscarforest1,25 Friends. Family. Food. Forest. Owner of @rosewatches and @FoxleyFishing . Slight obsession with football and AC/DC. Working hard to achieve my dreams!,
TheO530CarrisPT,25 / Proud EU citizen / #777X & #A350XWB Lover / RTs are NOT endorsements nor constitute my views; Views are my own.,below30
AyrshireBog,50yrs an Atheist/Secularist. Tolerate nonfundy religion. Islamism currently threat. x=flagwaver. Leftish. RTx=endorsement. Be rational and I rarely block. UKOK.,31-59
FraserWhyte81,"39, father of 2, political, stats junkie. Member of @LibDems.  Don't be a dick. All retweets are sarcastic.",31-59
gazc40,"50+ & on Twitter! Interested in tech, the future, books and the world. And good food and cooking. # RejoinEU",31-59
JuneM4ry,"100% Remainer .... #FreeNazanin 
#ReleaseTheRussiaReport #IAmEuropean #FBPE #FarRightCoup  #RevokeA50 #GTTO   #FreedomOfMovement #GFA #Frauderendum #LiarJohnson",
ClaraHa24405597,"60 this year and still as European as ever. (U.K. is well and truly f**ked). Twitter is full of people, good as well as not.ğŸ‡ªğŸ‡ºğŸ‡ªğŸ‡ºğŸ‡ªğŸ‡º",over60
digray4000,"2020 Democracy's sole aim is to provide all UK citizens with accurate, evidence to empower us to decry moral ineptitude through collective peaceful actions.",
Ace_Aro_Agender,50% Tombstone hunter. 50% IR officer. 100% Hiraeth.,
CalXcviii,21 || NUFC || LANGUAGES ğŸ‡«ğŸ‡·ğŸ‡ªğŸ‡¸,below30
hashtag_gouldy,"2019 TMC Merida UK Ambassador.

Team Mitchell Cycles | @MeridaBikes | @ONEAL_Europe | @SchwalbeUK | @smithoptics | Scorpion Racks

#RideForEwen",
SimplyPaul,"48, Erotic Trade Only features editor, journalist, geocacher, photographer, PHEV & classic car owner, porn baron, YouTube addict atheist t-total veggie orphan",31-59
nirmski,"50 something IT manager, loves sport, play hockey(again ), golf and cricket and anything else I get asked to. Love the outdoors and sci-fi. Keen Cyclist",31-59
sbutty,"30 years young. I watch too much TV. me gusta hablar espaÃ±ol. a veces. 
Liberal Democrat party member.",below30
OrielHighSchool,"11-18 Secondary school in Crawley, West Sussex. Opened in 2004. Our values are Creativity, Achievement, Respect & Excellence. #proudtobepurple ğŸ’œ",
AOzsagiroglu,22 | Economics Graduate ğŸ‘¨â€ğŸ“| Democracy Denying Snowflake of a Remainer ğŸ‡¬ğŸ‡§ ğŸ‡ªğŸ‡º | Greenwich ğŸ“|,below30
CharleyHasted,"2019 Lib Dem PC for Eltham with @GreenwichLibDem, NHS worker, carer, They/them pronouns. (views my own)",
TonyGentGD1,"900 ha Zero-Till Farmer of Combinable crops and free range eggs.
Inventer of the GD zero-till opener.",
chris3_ll,48%,
DanieImcgrogan,21| Maths @ St Andrews| Dignity in Dying member,below30
CardingtonSheds,"40 something airship fan, cardington shed 1 was where airship R101 was built, largest aircraft the UK has ever built. Not connected 2 the owners of the sheds",31-59
Mallard_Worksop,"15 Consecutive Years in CAMRAs Good Beer Guide, 2017 N.Notts CAMRA Pub of the Year. 4 rotating real ales available daily. Retweets are not an endorsement.",
BoyceyBoy02,17 // @DHSBoys Vice Captain // @Only1Argyle Staff // @PBPenguin on YouTube,below30
LouisChamber98,21 ğŸ‡¬ğŸ‡§ğŸ‡ªğŸ‡º| Atheist âš›ï¸| Dancer | @portsmouthYL |,
maggs912,"17c and 1940s Re-enactor, Writer, Speaker, Historian, artist, Tarot Reader, ex bbc camera operator, Museum Guide,",
mysticmeg13,29. Feminist. Whovian. Potter head. Hufflepuff ğŸ’› Tribute. Film ğŸ¥ fanatic. Bookworm. Blogger. Animal/Nature lover. India is my second home!,
horsham4EU,"52% of Horsham constituents voted for remain. Our cross-party community is made up of residents of Horsham district, West Sussex. On Facebook & Instagram",
Piethagoram,"25/3/19 completed 52yrs of suffering/supporting Notts County. Ipcress File's Palmer bests sums it up ""must we sit through any more of this torture?""",
pinata1138,"40. Politics, horror and porn. #Resist #VoteBlueNoMatterWho #SharkConservation They go low, we kick them. Unsolicited DM = block. I REPEAT, I RETWEET PORN.",31-59
thomasparker75,22 | @RSMUK Internal Auditor | @BracknellLibDem Councillor for Wildridings & Central | Pragmatic | Uncle to Teigan & Finley | @libdemdaisy fan account,below30
JoshKWicks,"18, @UKLabour MemberğŸŒ¹(#TeamNandy). ğŸ³. My @Medium page is better than Twitter:",below30
FSU_WMP,24/7 policing support across West Midlands. Do not report crime on Twitter. Call 999 in an emergency. Non emergency - Live Chat 0800-0000 or call 101 24/7,
JaackLilley,24 | Gin ğŸ¸| Plants ğŸŒ± | Cat Dad ğŸˆ                               Co-founder of @thecamglobal,below30
ImpingtonVC,"11-19 secondary school on edge of Cambridge. Inspired by Henry Morris vision and strives to be inclusive, international and inspirational.",
MattEagles,45years with Parkinson's #lynxer âš’lifelong Hammers fan #possibilist #Twinian #Webiter frontman and co-founder of @PKYLIFE,
dpphinn,23 | Glasgow |Trainee Solicitor,below30
ChristoClifford,"70, European, contemporary music lover. DemocraticSocialist and fringividual. Check with Labour if you can talk to me",over60
PACrosthwaite,"69, Retired and European ! Pro EU & anti Brexit. Lived in Scotland for 35 years.
#proportionalrepresentation #GTTO
#makevotesmatter
#FBPE
@propvoting",over60
TMLibDems,"100s of volunteers and 9 Councillors, lead by @trudydeankcc and Anita Oakley fighting for the residents, families and businesses of #tonbridgeandmalling",
rhianesc,"16, extremely active member of the Lib Dems but apparently too immature to be able to vote. Studying A-Levels.",below30
BVDBABY,29-year-old musician and living legend. Currently signed to Confidential Records.,below30
360DanceAcademy,"360Â° Dance Amberside is a vibrant dance school in Tunbridge Wells and Pembury Village. Ballet, Tap, Modern, Jazz. Turn your Dance World Around!",
300lights,300 lights refers to the waste at Crescent Road car park. Central Tunbridge Wells resident with a sideways view of the world. Not a huge fan of TWBC.,
jeevessidhu_,20 | London/Exeter | insta: jeeves.sidhu | Founder @mwexe_ | RT â‰  endorsement | @blue_beyond_ | ğŸ‡¬ğŸ‡§ â™‰ï¸,below30
Mortalsoil1,80yr old mother and grandmother.,over60
JamesMcHale99,"20 !! Young Ambassador @Autism, Hate Crime Scrutiny Panel, medievalist, gay, he/him/they/them ğŸŒˆ doing a marathon for suicide prevention, pls sponsor me x",below30
NicholasMuir4,56 year old male married with kids. Football fan. Conservative with a small  c. Thoughtful but hopeful.ğŸ‡¬ğŸ‡§ğŸ‡¨ğŸ‡°ğŸ‡ªğŸ‡ºğŸ”¸ï¸ğŸ•¯,31-59
DavidXMcKenzie,"2014 Better Together Organiser, 2015 GE Agent. Former Chair of Young Fabians Devolution Network. 2018 Council Candidate in Reading. #ChangePolitics #FBPE",
hazcraig16,16 years old. Proud European and Lib Dem. Formula 1 and Charles Leclerc fan. History lover. ğŸ‡ªğŸ‡ºğŸ‡¬ğŸ‡§ğŸ‡«ğŸ‡· #CL16 #RejoinTheEU,below30
SebAlexT,"80% of you morons voted for Johnson, Corbyn, Farage, or Foster. So take a seat and stop bitching about â€œthe state of our politicsâ€. YOU DID THIS, YOU CRETINS!",
lynwis,old enough to know better than be on Twitter. I am a European living in Europe and so wish to remain in the EU. Revoke A50.,
walkuphill,"old, boring, arthritic, JoJo fan",
RaisonSteven,born chesterfield 1963 from Clowne. Lives at Vale Close in Bolsover.,31-59
CookeLouise,"born in Bedford Falls, living in Pottersville. Anti-fascist and really pedantic.",
BarbaraNairn,"older and wiser,Ê I voted yes",
peterharris567,older animal lover who values truth honesty and loyalty! auld hippy who hates that the aristos/toffs berate poor for being poor! but toffs have never worked !,
jennistevenson,born with a foot in my mouth.,
jono_pce,born again cyclist,
Oldtimerabroad,"retired Pharmacist, proud of the NHS, supporting all those likely to be harmed by Brexit",over60
stephaniestee,"Historian, retired teacher, genealogist, LibDem.",over60
clarsimps,retired Old Age Psychiatrist getting in touch with my inner peasant,over60
ladypleasance,soon to be retired!,over60
MickCarroll6,"#FBPE #RevokeA50 #haveDemocracy Semi-retired voluntary sector manager, consultant and coach. Retweets not necessarily endorsements",over60
andrewfolker,"retired from a lifetime in education, enjoy travelling, reading, music, motorcycling, living in france, photography and generally being retired!",over60
stilton54,"Born in Chislehurst, Kent: grew up in Cheltenham: Medical School in Cardiff: moved around a lot, now settled (and retired) in Bristol.",over60
DCCMalvern,"Husband, Dad. Semi-retired business and strategy advisor. Increasingly vitriolic observer of human behaviour.",over60
JoannaHorton7,"proud to be a Yorkshire lass
enjoying retired life. most important thing in life is 
family",over60
TSLizR,"Wife, mother, grandmother, retired teacher. Thankful and grateful for today and every day.",over60
onebsquared,"Birkdale Lib Dem Councillor, Chair Social Liberal Forum @soclibforum,Mayor of Sefton 2016/17, CEO Imagine Independence(mental health) retired after 40 years",over60
phyl_jones,Now partially retired. Sometime bowler and now sec EBUA! Provider of food to two cats & husband. AND proudly Cornish!,over60
kay_braine,Former secondary headteacher now retired and living in France.,over60
FordCarole,"#WeAreAllDanielBlake Since I retired, I enjoy following the media and seeing friends",over60
Demimaderek,"liberal, bloody minded, retired old fart, proud Remoaner who will not give in",over60
LouiseBevan22,"Liberal Democrat, gardener, community activist, retired agricultural/ environmental economist.",over60
geof24,"#FBPE #RejoinEU. Now retired, linguist, teacher. European. London, France , Egypt, Portugal. RT = interesting. No tweets=no follows. No messaging here.",over60
tina_jane,"Now retired and looking forward to the next new challenges, educated MBA masters degree. enjoy doing voluntary work and looking to continue in my new home are",over60
HelenSalmon2,"I have recently retired from Headship after leading two schools in Devon. Enjoying an active retirement reading, keeping fit, volunteering and fighting brexit.",over60
Andrew_S_Hatton,"Dyspraxic & retired social worker who cannot get over his concern for criminal justice especially probation. worked in Merseyside, Essex & London.",over60
wendy65wr,retired finance manager. treasurer 4 2 charities. a lion,over60
Gillybean1961,"Farmer's wife, retired teacher, nana, avid reader of historical fiction",over60
petertowns5,"Soldier, businessman, traveller, family man, retired, animals, antiques, politics, our world, science, LibDem, Remainer.",over60
rogervmorgan,"Dad, Accountant, charity trustee, retired clairvoyant, loves sport, like to make my own mind up, and never have enough time to do all that I want.......",over60
Neetaw1,"Mother, wife, retired, love living in a cosmopolitan environment and Pro-EU",over60
Laconic_doc,"Largely retired geriatrician. Love medicine, pts, comms skills & teaching. Curious about too much for my own good; (usu) incorrigible optimist!",over60
janice_ianp,"Semi-retired lecturer, nurse, mom, grandmother. Passionate for NHS, and properly funded End of Life Care. Pro EU. Views are my own.",over60
dochawking,"GP,retired 31.3.13 because of Health & Social Care Act.
Long interest in Health Informatics, esp. UK GP EPRs & single shared records.
John Perry Prize 2009",
PearsLDA,Medical Director @LymeAction retired psychiatrist #lymedisease #science #humanrights #mentalhealth #catsğŸ±@ResearchGate: https://t.co/xcKBS9wJP9,over60
GrumpyOldDoc,Survived 38 years in NHS; patient and consultant physician; now retired. Call me DÃ³nal.,over60
MadsEmail,Software business retired. Egalitarian Pro EU. Atheist. To the cons we arenâ€™t collateral damage we are krill - money greed and power rules in our fair land,over60
dunkers_helen,"Female, retired teacher. Labour ( rejoined) #FBPE#RevokeA50",over60
Perscotta,"Wife Mum and grandma.  Ex-teacher, ex most things since I retired.   Feel passionately that hurting others by words deeds or ideology is wrong",over60
NigelLloyd10,"Grandy, retired but busy, 70â€™s teenager, donâ€™t understand where the years went.",over60
JoiaGlass,"Wife & Husband team who worked together designing, producing and marketing glass art now retired",over60
Politics4AR,Barrister (retired); now a grumpy old woman; opposed to all adverse discrimination; vegan; veteran (since 1980) proponent of animal rights.,over60
Stephen19540131,"Love travel, languages, music & news. Semi-retired after 30 yrs a CFO. Future Fiction Writer & NED Married, with 1 engaged daughter Rtws are not endorsements.",over60
Denis_of_Lymm,"Semi- retired web designer & IT Adviser.  Liberal Democrat, Catholic, Catenian, Cyclist, Photographer. My Views are my own",over60
manlygray1,Graham Hankin formerly C/S traveling the world now retired & back in UK,over60
pgmatthew,"Humanist, Liberal, retired Chartered Accountant.",over60
salib0329,"Still licking wounds after being shot in the foot! Multilingual retired teacher from North West Wales. Love my dog, books & garden. #YesCymru ğŸ‡ªğŸ‡ºğŸ´ó §ó ¢ó ·ó ¬ó ³ó ¿",over60
MarkEuromark,"Taught maths (10y) Ran own  business (33y) English & European. Now retired. Learning German. Partner is Ger. by birth, Brit. by choice. #FBPE #Remain #Rejoin",over60
Alba40,retired NHS nurse british European living in Europe No pension #WASPI No right to vote having my eu citizenship taken away against my will #stopbrexit,over60
rvh1t,retired public servant and cat lover,over60
Pipal1735,"Imps supporter, retired teacher, European.",over60
fbear999,Politically light Blue. Semi retired.  Hoping  for a good  deal on Brexit. Celebrating a great result for British democracy. Want more money for Public services,over60
jonlincbrown,"Pretend retired journalist among many other things. I think poverty is the greatest social injustice. An old fool, who upsets others, but lucky to be much loved",over60
GerdiRunte,"European citizen, retired charity worker, UK citizen, German-born, passionate European and traveller - Life is short, take all itâ€™s worth!",over60
Chlivben,Recently retired Northerner. Would never vote for a Tory. Desperately hoping the system will spare us from leaving the EU.,over60
Cluckyhenny,"Former teacher and swimming instructor, retired, family in UK, have been in Brittany for 15 years, planning to return to Wales soon #Rejoiner ğŸ‡ªğŸ‡º No DMs please",over60
vmiddleton306,Hi..retired from hairdressing..love travel..history..meeting friends..music Beatles Byrd's James Morrison..lots more.,over60
devoncatt,"Wokingham Borough Councillor, Parish Councillor, Dog Walker, retired Eye Doctor, School Governor , Commited to improving life in Winnersh.
Liberal Democrat",
Markisanders61,"ex asset manager for 37 years now retired and a local school-governor, and involved with local charities ,crystal palace fan and pro Europe",over60
dji45,"Arthritic old git retired from the NHS. Widower who muddles on regardless. Loves ITFC and big fan of Rush, Floyd, Genesis, Marillion etc #FBPE",over60
rushworth_jim,"Liberal, no time for nationalism, massive Leeds Rhinos fan , retired Goth",over60
LordStras,"Lib Dem peer, retired entrepreneur. Trying to protect privacy and democracy from attacks by governments and companies. Supports Bath Rugby despite everything.",over60
jeanmedavis,"Recovering politician, Climate Activist, European, pet carer to Harry & Toby. Enjoying retirement in the Highlands & trying to stay retired! Be kind, run free!!",over60
cjeanbroxmouth,"Brought up in Berwickshire, Scotland, I now live in East Lothian.  I went to Eyemouth High School. Married with a grown up son I am now retired.",over60
g72742503,"Semi-retired, queue-jumping, tax-paying  immigrant since 1979. No benefits ever.  Do I really want to stay? Have to wait and see what happens.",over60
PhilShawLD,Liberal Democrat Town Councillor for Petersfield Ramshill. Made in the Royal Navy then NHS. Now retired.,over60
stephenbrooks02,Management consultant now retired.,over60
helmut_herberth,"ğŸ‘½ğŸ‡¬ğŸ‡§ğŸ‡ªğŸ‡ºHappily retired husband and grandpa, grateful to NHS for being alive, passionate rejoiner",over60
MeSaare,"Semi-retired - HUH! teacher, cook, writer, tourism guide & Diva kitten wrangler",over60
gpz01,"Commonwealth Born Ex RAF  semi-retired No Party affiliation  Present FPTP does not reflect voters Results in Voter Polarisation 
Brexit will Unravel Love EU",over60
EleanorKane18,"Proud Scottish wife and mother; retired nurse and passionate about the NHS, politics, news, (gossip) #FBPE #free Nazanin #FBFFFBPEF",over60
rolfesm,Used to teach 16-18 year olds Sociology A level. Mother to 3 stepmother to 1 grandmother to 3. Now joyously retired.,over60
imagine8,"Recently retired Creative Director of Imagine Design. Proud Remainer. Revoke Article 50. Put all lying, cheating Politicians in jail. #FBPE",over60
AstridFel,"I am a retired International Middle School Science, Math, Robotics and exploratory program teacher. Stem and PBL is my expertise.",over60
CornishRandalls,"Legal Eagle (retired!), Golf fanatic/Bandit (some say) Lifelong supporter/ sufferer of BCFC (the Blues), was a VERY proud remainer- now rejoiner( eventually!)",over60
chrismoor,"mostly retired - still busy - music @ Barnes Methodist Church,  Adv Ctee Ethics in Investment Opinions all personal",over60
LMCosts,"Mum, Costs Lawyer, fan of motorbike racing. Love my 2 retired greyhounds and travelling with them in our campervan and caravan. Volunteer at Daybreaks kennels.",
richwinter2,"Likes, Being retired, Lib Demâ€™s, smokey whiskey, Wasps RFC. Dislikes Tories, Brexit,",over60
jon_media_para,I am a paramedic now retired from NHS after 35 year career. Passionate about our horse and high board diving. Care deeply about wildlife and the environment.,over60
AAGusJones1,Now retired with second career as published author. Scott's Forgotten Surgeon published 2012. Currently engaged researching international organised crime.,over60
Bebe111,"Wife, Mother, Grandmother, Gardener, retired Midwife/nurse, miniature poodle owner.",over60
anna_damski,Semi-retired itinerant; pro-EU activist; Chair of Suffolk EU Alliance.,over60
8rthur2019,"Teacher, electronics engineer retired to la belle France. J'adore le beau paysage, les gens, le vinğŸ˜‰, le vÃ©lo
et ma petite chÃ©rie. Je suis galloisğŸ‘",
Sleighbelles,"Wife, Mother, Grandmother, retired teacher, sometime quilter, costume maker; cooks, bakes, sews, reads, walks, etc etc etc",over60
bathwellschap,Cheerfully retired Bishops' Chaplain; still a chap from Bath &Wells. NB: I've given up Twitter for Lent!,
MnsrMysterioso_,"Pro-Britain, Pro-EU, Pro-France,#PeoplesVote, #RemainAlliance, peace lover, retired engineer, Beatles fan, family man, reject racism, feels better with red wine",over60
DYeandleOBE,Now retired but still an MS Ambassador and member of the PPI Council.,over60
jointhetardis,"UK and France. 35 years in education. SEN. Primary. Secondary. Now retired to support others still in my profession. 
jointhetardis@aol.com
@HEAD2FRANCE",
juliadarwen,"Wife, mother, Gran, Educational Psychologist (retired), theatre-goer, traveller, parkrunner, BRFC. Liberal Democrat councillor - Kendal Town Council",over60
Auntiewow,LLB FSRA retired. Env law and social justice. Passion: co-creation of projects that empower communities.,over60
wgriffiths69,retired firefighter dad grandad wood carver. Cardiff Blues fan since 1973 in good times and bad. All my own views unless Iâ€™m told by my wife ğŸ˜€ğŸ´ó §ó ¢ó ·ó ¬ó ³ó ¿,over60
JamesDr52781263,All opinions my own. Any Defence commentary is as a retired Infantry Officer. Driven to Twitter due to Brexit and Trump.,over60
martinmaloney22,"Father to 3 beautiful women, grandad to 4 wonderful grandchildren. Ex policeman, retired teacher. Dislike with a passion: racists, misogynists, and far right.",over60
SteveJHarris,Sussex since 64; Wolves ğŸº since â€˜65; Packers since â€˜67; Liberal since â€˜70; horses since â€˜89; Fragile X Syndrome since â€˜01; retired since â€˜17; pro foreigners,
terryw04,"retired company secretary (social housing)/jazz musician/community energy volunteer/europhile/
retweets not nec endorsements",
RegSingh4,"A retired property developer living in Moseley. Whiskey 
Connoisseur, Amateur Squash Enthusiast",
egilcookie59,"married, with three children and two grandchildren, retired.
Enjoy reading, music/singing, travelling, history at the local fort, photography.",over60
oldpj,(Almost ) retired doctor.,over60
grammarpuss13,"I'm a retired literacy adviser.  I love to travel, read, ski and indulge my interest in languages.",over60
CheshirePete,"Mostly retired, travel a lot. Like politics, poetry, art, cricket, tennis, football, hillwalking, motorcycling, jazz, rock. Lover of life and people.",over60
katydid2fury,"Father, grandfather, retired school teacher, trainee guitarist, Chelsea supporter, cycling, feline friend,  BA (OU), be true to yourself.",over60
1_tremor,"Jackie Farrell, retired dance teacher. Diagnosed with Essential Tremor 1974, raise awareness of disorder @NatTremor support group coordinator",over60
jon_trace,"Welsh,radicalised European,retired 4 children 7 grandchildren,labour values ex party, fighting off insanity from lies, untruth and bigotry",over60
halsteadviking,retired engineer playing in garage with my bikes,over60
StewartLewis2,Mostly-retired opinion researcher.  Left-of-centre; Remainer.  Lifelong Norwich City fan,over60
rhwilton,"Electronic Engineer. Service Manager (retired). European, British, mostly English, partly Scottish. #FBPE #WATON",over60
Galviam,"Automotive Manufacture, Design and Management recently retired. I have an acute loathing of liars and bullies or those who manipulate the truth.",over60
BEEnnis,"Irish, retired lecturer living in Cornwall. #FBPE. RT's don't necessarily mean endorsement of message !",over60
Islander2001,"British born European,retired teacher of French/German. Freelance writer & occasional broadcaster, Germanophile,Francophile. Immer und ewig europaeisch.",over60
alison_born,"Activist with @BathforEurope, retired from @NHS, yoga teacher #ExitFromBrexit. Recently elected Lib Dem Councillor. Views my own.",over60
Cedar50,"Welsh, retired. Brexit belongs, in its entirety, to Boris Johnson #ToryBrexit",over60
stuwu10,"British/Canadian retired in ğŸ‡®ğŸ‡ª with partner. Lived around the world. Massive Bristol City fan. ğŸ’“ great food, wine & 1st cl travel. RT not endorsement No DMs",over60
sueinwards,"Lib Dem Cllr, retired teacher, gardener, cricket lover, sceptic. Lazy tweeter.",over60
claireOT,"Iâ€™m a retired OT. I make #feministbadges, and Iâ€™m a member of @LeedsSpinners & @LeedsReSisters https://t.co/teLOkEFhJw",over60
dickiejohn61,"ex-lots, now retired so Iâ€™ve nothing better to do",over60
venchrisallsopp,"Priest, retired Archdeacon,
enjoying life in the Valley of the Racehorse",
Bonster110,"retired public servant (UK)
bear with me, I'm new here.
one husband, one son, one dog, one cat.",over60
emh1145,"retired Learning &Language advisory teacher. Singer, Reader,Christian..Liberal party voter since youth,, its in my bones",over60
NotRichYoungFa1,"Family man caught up in #LoanCharge nightmare.. no rich fat cat, no luxurious lifestyle... no future?",31-59
SueQueenborough,I am a woman who loves life and appreciates myself and others daily. Presenter of Esoteric Yoga and Esoteric Health practitioner,31-59
OldWallerd,"A middle-age man from SE England rambling round the Spanish countryside.
Caminar es atesorar. #FBPE",31-59
tassiedi,Die-hard WASPI. Love anything that will make me laugh. Grumpy old woman with attitude. Hate people who make my life difficult and who make victims of others!,
PeteCox7,An opinionated old man who wants to remain in the EU,
razumova,I write books. Bollocks to Brexit. Grumpy old woman and general old git. Mental health issues. Rootless cosmopolitan. *Expect book promo stuff and politics,
caro_oliviers,"â€˜No man is an Islandâ€™ John Donne, 1624. Wants to live, share, stay united, respect nature & each other in the EU. ğŸ‡ªğŸ‡ºğŸ´ó §ó ¢ó ³ó £ó ´ó ¿ğŸˆğŸŒ±",
faridi_lovely,I am common man belong from islaam,31-59
CaitlinRose52,Lib Dem | Trans woman | Director @kds_at_fringe | If found please return to @KeeleDramaSoc | she/her,31-59
LauraHarrisonM2,"No man is an island,
Entire of itself.
Each is a piece of the continent,
A part of the main.
If a clod be washed away by the sea,
Europe is the less. -- Donne",
michaellevett42,"Business man & ardent supporter of the #EU member of the @LibDems & National Leasehold Campaign!
 #PeoplesVote #stopbrexit @EdwardJD @KingstonLibDems #RevokeA50",
patrickensor2,"Retd Soldier, now a Reservist. Family man and @Arsenal supporter. Very angry about quite a lot of stuff. ğŸŒ¹ğŸŒ¹ğŸŒ¹(Iâ€™m not new to Twitter, just took a break)",
thegarypayne,"A man with and of many hats. #Law Trained #DPO, #DataProtection & #GDPR Specialist working internationally; Accredited #Trainer and #Assessor.",
potholes48,"Antediluvian Jill of all trades, now mostly out to grass. Recent events suggest I may man the barricades yet. This seems truer now than when I wrote it.",
FastCityMan,"The mark of the immature man is that he wants to die nobly for a cause, while the mark of the mature man is that he wants to live humbly for one. J.D.Salinger",
ElanmanS4,An ordinary man I own a 1969 Lotus Elan best cars ever made Pro EU one of the 48%. 3 Golden Retrievers. Blocked for the Pinned Tweet by Nigel Evans MP RT,31-59
FrankCaithness,"ğŸ”¶Liberal Democrat,
ğŸ³ï¸â€ğŸŒˆLGBT,
ğŸ³ Foodie,
And the crazy ferret man of Caithness,
Unassuming furry faced man-creature living in the Highlands ğŸ˜",
mcharlesworth71,A mum of 3 strapping boys and grandma to Oscar. A woman with drive & enthusiasm for life. Proudly Feminist. A cricket wife & mother!  Rebel for life ğŸâŒ›ğŸ¦‹,31-59
TDoyleCarasol,"Passionate Remainer, Compassionate Human. Prepared to man the barricades against those who would destroy our liberal democracies in the UK, EU and even the USA.",
JohnDagnell_ppr,"Music Promotion, Artist Management Family man and cup half full kind of guy.",31-59
Fuzzysongman,He/Him/His. Leave a light on. â€œI would rather be a man of paradoxes than a man of prejudices.â€,
SamJone88527816,family man love live music and football,31-59
wildwalkerwoman,"Disabled, dirt-poor, state pension-deprived woman being healed of the social/political lie that I'm worthless, by real-life angels posing as *ordinary people*",
RachelG21879460,raising teenage man cubs to be good citizens of the world who should be able to travel freely #Pro EU. No to small mindedness and racists,
MusicworksJon,"Mentorist, Foster Carer extraordinaire, Child Care Specialist, Youth motivation. Now producing a rap album with a young man to raise awareness of Aspergers.",
Oakington62,"Will never believe in Leave. Member of LibDems & 4 Cricket clubs - Lordâ€™s regular, volunteers at Cambridge Uni and Histon. Jumps man in winter. Views my own.",
KateWilton1,"Just an ordinary woman in an extraordinary world. Now joining the movement to rejoin the EU. Never a Brexit supporter, still a Northerner.",31-59
p_strelley,"works at Europa,.driver, Dartford. loves reading, currently reading the works of Martin granger. oh man great reading",
JoshBanksy1,new pitch. same match. ballâ€™s up man takes the catch. resilience. focus. used to save shots now Iâ€™m saving cash ğŸ’°ğŸ¶ ğŸ™ğŸ§ğŸ“¸ğŸ’™ğŸ¤,
noel_satchell,the love of my woman janice hardman we are clean honest and engaged,31-59
therealjane01,"One woman think tank. Supporter of good manners, honesty and trust. Interested in the environment, politics, education and common sense. Proud #Libdem",31-59
davidcoppin,cant be arsed with this.  am looking after my old man still.  he is well old now.  93 in fact.,
AndyFle87771888,A man full of action!,31-59
nobbyd,the man in the foam suit! what you get: oxford united #oufc; board games; U14 football coaching @ Crendon Corinthians,31-59
cjneet,An english woman living in Wales who realises that the EU is not perfect but believes we are better in than out.,31-59
Ricochetrabbitt,"Grandson of Spanish Donegal immigrants and Derbyshire miners. Truth, equality and justice.  A good man in a bad time. Et in arcadia ego
#IStandWithCarole",
thehugemanhugh,You're not half the man your mother was!,
tnurse77,Family man who is determined to make a full recovery from paralysis. Kicked cancers butt and hope Iâ€™ve inspired others to do the same,31-59
LiddleSavages,"Just a woman locked in her own bathroom (lost somewhere in a book)appetite for all things BAD FOR YOU tequila, cupcakes, chocolate, 5in heels... 21+ #Resistance",31-59
WinstonScott22,"Just a man with a beautiful family and a business taking 15 years hard work to build, trying to make it through this selfish, crazy world.",31-59
falcos2012,"just another blind man in this crazy reality called England.  Passions: Argentique photography, science, technology, beer, books & the toon army.",31-59
acheremeteff01,"Hi I`m a  woman from Belfast. I love science fiction, alternate history, European history, space exploration. I hate Brexit, Trump, the far right.  â¤ï¸ğŸ‡ªğŸ‡º",31-59
ChallonerSara,Middle aged woman who used to have a life and never thought she'd have to spend her evenings on Twitter trying to fight Brexit madness.,31-59
paulhamilton005,rangers man United bit gaming wwe few tv shows game thrones supernatural and channel 4 the circle,
Steven52841,"A man convinced against his will, will always be the same man still.

Against 2 tier policing and 2 tier journalism",
RightAngleUK,"Rather grumpy, emotionally lefty old man annoying people in his retirement - 100% pro-Europe & getting greener every day, so unlikely to be popular with Tories!",
TobyBarker77,"PR man specialising in energy, infrastructure and the built environment. Views are my own.",31-59
DamienVFletcher,"PR man and ex-national newspaper journalist. Passionately pro-EU. Love playing the piano, swimming & watching David Lynch movies â€“ preferably at the same time!",31-59
actru,religion is an invention of man based on fear & ignorance. It kills the truth - and people. Pro Europe.,
rbrc1959,"â€œYes, man made the waterfall over the dam, to temper his tantrum with magic. Now you can't be sure of that tent of azure, since he punched a hole in the fabricâ€",
albertpweale,Emeritus Professor of Political Theory and Public Policy UCL. Views my own.  'For what shall it profit a man to gain the whole world and lose his soul?',31-59
ItWasJustBanter,Football man and homosexuality fan.,
BO55T,"A woman that does. Fact geek who reads everything. Strong opinions on most subjects, but they are my own. Recently widowed after caring 4 husband for many years",31-59
Gusseteer,"Is ""a grown man who spends far too much time dicking around with Lego"" according to his wife. Oh and I very occasionally write some music.",
aliruane,"Bouncy voice actor, soundsmith, video and motion graphics producer, living in the Mecca of West Yorkshire. Blissfully wed and a happy dad.
luckiest man alive!",
KevinRampling,"Ex oarsman, triathlete, marathon runner, sailor, director. Now fat man on serial diets, love food & wine, Hse restoration,  gardening, golf, dancing.",
DavidSteward7,"Lawyer, writer and sax player. ""When a man is tired of jazz, he's tired of life."" (Dr Johnson)",
wilsmadein85,"Marketing guru Lifelong Man Utd fan, serial moaner about politics & memory man of weird football facts",
DCathmhaoil,"Northern Irish man in Manchester. loving, funny but serious about my Politics, LGBT+ issues, my LDS faith and animals.",31-59
MeliorateH,The woman in the German car. Founding member of @WEP_UK. English teacher. Chair of governors. My many opinions are entirely my own. Farnham Youth Choir parent.,31-59
LoanChargeGuy,A family man about to go BANG...,31-59
fred4reform,"Wit, wine drinker, cynic, gardener, media man passionate about truth and tango dancing",
lesleyanne14,"I get annoyed about the way we treat our planet, fellow man and leaving the EU/WHEN FACTS CHANGE, MINDS CAN CHANGE but this makes me deeply unhelpful!",
jennystew63,Canadian woman living in Sussex married to a man who is half Austrian I met whilst living in Hong Kong - #citizenofnowhere.,31-59
rt_kerner,Independent consultant that turns ideas into action.  American that has lived in Europe for 12 years.International corporate business experience to start-up,31-59
IanRSlack2,"Retired. Sometime research scientist, HGV braking expert, physics master and night trunker. Not all at the same time!",over60
DenisKaye,"Helping SME business leaders achieve their aspirations using my experience, humanity, humility and humour.",
mike_seville,"Husband, dad and grandad. European. Concerned politically aware environmentalist. Some forestry experience. Wannabe where the land meets the sea.",over60
EversonMeverson,"'Enemy of the People', aka expert in economic and EU law",
BILStuff2018,"Escaped teacher, logic fan, languages lover, citizen of Europe, experts? Yes please! #PutItToThePeople #PeoplesVote #WASPI",over60
DMinchellald,"Stockton Borough Councillor for Bishopsgarth and Elm Tree: @StocktonLibDems. Trauma Informed Care, Mental health professional RT =/= endorsement",31-59
Designs_JoanK,"Leadership/eLearning consultant, expert in digital and social media and learning and engaging people to change behaviour and culture, Chair of the eLN board.",over60
AmbasDiplomat,"Passionate mum and Campaigner, with a global experience in development. A Diplomat in making.",
DarthRational,"Professional economist, investor, trader. 25 years of experience in financial markets from a trader to the CEO. Have to maintain anonymity due to my business.",
Hoggle42,"QA expert, web geek, Treasurer and former Chair Green Liberal Democrats. Admirer of cats. Lover of Emma.",31-59
UoMPolicy,"Influencers and shapers of public policy, based at @officialuom. Follow for robust insight, expertise and highlights from (arguably) the UK's biggest thinktank.",
gm_stone,Personal Twitter account - not tweeting in any official or professional capacity.,31-59
ChrislocumOA,Locum OA based in Mid Devon. Over 10 years experience. Competitive rates.,31-59
youngincheshire,Lean Change and Startup consultant. 'Hi' welcome. CI expert. PI enthusiast. AI curious. DIY I try. Enjoys the outdoors with the family.,
DikThird,"Trying hard to do the right thing, so aspiring to status of professional irritant.",31-59
ArchieBarnett,"@LDTelfordWrekin
Studying BA Honours Journalism & Politics.
18, gay, professional procrastinator.
@politikaorg contributor.
Left Liberal, never Labour",
lucyisabella_,"Narcoleptic, podcast obsessed Londoner & professional chatterbox ğŸ“£ she/her // Lib Dem // Mental health & disability campaigner #OCD #dermatillomania #BDD #ED",
CatherineLegato,"B2B marketing consultant - tech focused. Also help with childrenâ€™s and youth activities @stmarybostonspa. Wife, mum to 3 great kids, expert juggler",31-59
VintiquesMark,", Antiques dealer expert on Bargain Hunt, Flog It! and The Antiques Roadtrip, Put Your Money Where Your Mouth Is. Views, hair and teeth all my ownğŸ‡ªğŸ‡º",31-59
TS_CYP,"University of North Carolina at Chapel Hill, Senior Administrative Officer with 25 years of experience in Public Administration.",
JohnLamberts2,"Retired senior civil servant, with experience of EU negotiation and conciliation with ACAS. Hates petty nationalism, climate change, loves PR.",over60
LeavingPlanet,ğŸ‡¬ğŸ‡§ğŸ‡ªğŸ‡ºâ§–Multilingual liberal IR expert. Messiahs used to go into the desert to test their fantasy. Now they just domestically abuse their voters into line.,
MicloutT,"English, Californian educated, Liberal, and a European finance professional ğŸ‡ªğŸ‡ºEx French resident, now in Surrey. Campaign to change FPTP.",
Trismegister,On Earth for the experience. TenorğŸ·great for resonance in Universe; MSc (Oxon); Being trained by Airedale ğŸ• ; I designed bits of IBM CICS; ğŸ•·,
HaganCarmel,"âš«ï¸Teacher. MFL specialist with experience in Secondary, Primary and ITE. CPD work at National/International level. A great bouncer back! PGCE External Examiner",
MetalMummy37,"parental, professional and governance driven interest in education; citizen driven interest in politics; faith driven interest in Jesus; freelance caryatidğŸª",
JoannaGier,I hope to experience joy of wonderful welcoming London 2012 again. Hate Tory and their lies,
egg_daddy,"SÌ¶cÌ¶iÌ¶eÌ¶nÌ¶tÌ¶iÌ¶sÌ¶tÌ¶ mathematician apparently, egg cooking expert, lapsed guitarist",
sjtomo157,"Farm vet, with too much experience of dealing with bovine TB â˜¹ï¸single mum to 3ğŸ˜TBEAG member TBAS advisor and now BCVA board member ğŸ¤© views my own obvs ğŸ™„",
bertnotbob,Developer #nodejs #php #reactjs etc. Believer in experts. Member of a country still in the Council of Europe. This is the flag ğŸ‡ªğŸ‡º,31-59
LucyCParsons,"Academic Coach, Study skills expert and author of The Ten Step Guide to Acing Every Exam You Ever Take. Specialising in GCSEs and A Levels  07789558744",
AndyFarquhar2,project manager & external funding expert. Hightown Community Worker & Hightown Festival Coordinator; member of Formby Community FC. views my own!,
maltandmore,Fly fishing fanatic & passionate European living in Germany with considerable experience of exporting to every EU country and beyond #EUGreenDeal #ClimateChange,
Julespickford,"Mum, book addict, sometimes tax expert. Always a pre-crastinator.  Nevertheless she persisted.",
LLocock,"Researcher in health & illness experiences. Tweeting personal views - EU, NHS, politics, research. And languages.",
EndpointPete,"Co-Owner/COO @TeamEndpoint and professional poker player under the name peter804! Twitch Partner, #Jeffthewestie Contact: peter@endpoint.gg",
ODEEisOG,Esports OG with 21 years plus experience! Chief Gaming Officer for https://t.co/3IxkocHmhh @Rogue & MD for @RoyalRavens,31-59
Pablodelmar,"Scot / Croat, Husband, Uncle and mad for Organisational Change. Very proud European. Come and experience Art & #LiveLikeALocal with us in #Edinburgh",31-59
JuliaTEFL,"â¤ï¸ experts, comedy, grammar, lakes and a good ceilidh.
ğŸ‡ªğŸ‡ºğŸ‡¬ğŸ‡§ğŸ‡©ğŸ‡ªğŸ‡®ğŸ‡¹
I blame the Telegraph.",
luapyelrom1,Harbinger of doom: the game is up: Nihilistic tendency: Humanist: Vegan: Green: Bi-Polar (50+ years experience): ALL life is precious.,over60
DeeDeeyoung2012,"art, photography, making & doing, living & experiences, interested in edges, possibilities & nonsense.",
NonStopDemocrat,Personal-data shy. Citizen of nowhere. Saboteur of brexit. Supporter of wrecking amendments. Believer in experts and in the rule of law.,
NicholasHicks,"Doctor with GP, public health, management and policy experience.  Founder of COBIC. Helping health and care systems focus on the outcomes that matter most.",
Anchor_House,"Caritas Anchor House supports people experiencing homelessness by providing a safe place to call home, support and access to education to rebuild their lives.",
TobySchuster,"Senior PR & social media consultant with expertise in media, food & drink, travel & technology (consumer/telecoms/b2b/IT). Tweets are my opinion.",31-59
sadielsmith,"Sandwell Liberal Democrat.
Previously professional librarian and NHS and Charity worker",
Kirti99466977,hard working professional always paid my taxes due every year,
JaneFeathersto1,Jane Featherstone is an inspiring garden designer working in London. Jane and her team create stunning gardens in a professional and thoughtful way.,
LDAGroup,A group for Liberal Democrats with experience of or interest in Autism and related condition.,
1Davidhughes,"wardrobe  and dresser manager at BBC television for many years, before that PA to Tommy Steele, started my career as professional ice skater",
billybirry,"Passionate about aerospace tech, SpaceX and Tesla. Once World's youngest pilot. Energy & environment expert. Palestine and BDS activist. Total freedom fighter.",
jimboy__,"Iâ€™m not an expert in anything , but I listen to them, does that count?",
PoliticalGM,a slightly more political flavour than my science and professional persona can support. Or maybe it's just the angry bloke in me finding an outlet.,
SonofGreece2,"Retired Wine & Champagne broker, Whisky wallah, Antique divi, experimental cooking to R&R & R&B, Travel not Tourism, increasing rise in levels of frustration",over60
MartynProctor,"Business leader, mentor, entrepreneur trying to help professional services think differently. Reacts very badly to â€œWeâ€™ve always done it like thisâ€",
ambromicha,"Former Chelsea FC professional footballer Mickey Ambrose Guest Expert  Social Commentator major broadcasters Sky News, ITN News@Ten, BBC, Good Morning Britain",
supp_int_hull,I'm Jo from Hull City Council. My role is to create supported internships/work experience opportunities. Think you can help? Get in touch on 07917 224189.,31-59
apcousins,"Personal account. See @Verdecolimited for professional enquiries. Dislike inequality and inequity, like doing the right thing.",
LibdemK,"ğŸŒGreen energy geek, bring back expertsğŸ¤“, daughter of an Indian ğŸ… mother, granddaughter of a Gandhian, Ally ğŸŒˆ ğŸš• drivers call me one of the â€œgood immigrantsâ€",
Stochasticeqtn,"Usually plant based. Often equity portfolio manager. Also startup investor. Sometimes expert witness. Love history, psychology, mathematics and nutrition.",31-59
NW6Penguin,"The only penguin my housemate could bring back from Antarctica. He's a credit strategist by background with extensive experience in HY, Loans, IG, EM.",
Solas_Intl,Independent Activist | Dad & Conscientious/hard working Chartered Certified Accountant | Extensive experience in Practice+C&I | Supports BJP/Narendra Modi,31-59
galdam,"consulting in the Pharmaceutical sector, seizing life with both hands ensuring life includes fun, new experiences and lots of love.",
alanthelondoner,"Professional regulation specialist. No party politics. Pacifist. Children, grandchildren. Self-employed, working with professional bodies. Personal tweets.",
chris1bowers,"Writer, sports commentator, tennis expert, biographer, environmentalist, political activist/candidate for UK Lib Dems, thinker/searcher and citizen of the world",
ManagerMummy,Marketing Manager 20 + yrs. I believe passionately in GREAT customer service: no point in marketing if customer experience fails. Ardent remainer & proud LibDem,
MobilityCooper,Co-creator of @Consentua our new #GDPR consent service. Principle of @KnowNowCities #SmartCities experts. Chief innovator & co-founder @KnowNowInfo,31-59
JohnFingleton1,"Entrepreneur, expert on competition policy and consumer protection. Interests include LGBTI rights, cycling, disruptive innovation, & more.",31-59
Barders1,"Film is both my profession and my passion, and I like to engage with people around the world who share my love for moving image. All views expressed are my own.",31-59
Theresa4Talent,Gallup StrengthsFinder coach. Creates higher performing people & teams. StrengthsFinder expert. Neurolinguist / MD search & recruitment co. #LovePeople #BeKind,
AllenNixon17,"Lib Demâ™¦ Gold grade PPC. Radio bloke: BBC/ILR experience; co-founder, director, chairman commercial local station; former radio/TV critic. Public speaker.",
PaulBoross,"The Pitch Doctor â€” Keynote speaker, author, corporate strategist, communication & presentation expert. Sky TVâ€™s School Of Hard Knocks' Team Psychologist.",
Green2020Tweet,"British bloke, father, husband, expert in energy efficiency, pro-Europe anti-bureaucrat, sky diver with the Army ParaA, volunteer for Wiltshire Air Ambulance.",
north_joanna,Tweeting about Brexit and politics. Pro EU membership and pro experts. London.,
markmoreve,"BAFTA Nominated Director of Photography, Cameraman. 28yrs experience.Photographer & PFCO Drone Pilot. Link Line diary, Crews Control approved & GTC. European!",31-59
Lady_yassaie,#PVKeyBoardWarrior Patient safety remains at risk in Berkshire West while professional body victimises WBer based on vexatious referral.,
DGJamieson,Health supply chain expert and Rolling Stones aficionado,
antiquegent,antiques and art valuer and dealer with established Nationwide business. Television expert on Dickinsons Real Deal and Secret Dealers for ITV,
mert_seyhan,"""My art and profession is TO LIVE."" - Montaigne #FBPEğŸ‡ªğŸ‡º",31-59
prkpolava,"Where are the silences, gaps & inequalities in power, data, expert knowledge, digital tech & global development? #ImpactIceberg Views my own.",31-59
rbrignall,"Mathematician. Singer. Views my own. Be nice, professional and factual or be ignored. #FBPE #EFTA",31-59
FranklinSteves,"Husband, father, governance expert. In that order.",
oakes_bros,"Established in 1825, Oakes Bros. is a leading dealer of agricultural machinery offering a comprehensive sales experience with aftersales and support services.â€‹",
Redpev,"like my politics my teams are red too, United, Salford and Lancs, expert on nothing but lots of opinions, labour activist views my own",31-59
StephHarrisonW1,"Adult and Paeds Nurse experienced in critical care, Regulation, now Head of Patient Experience. HUGE Liverpool fan. All views my own",
C871Matt,"Dad to 2. House & Techno aficionado Senior HR professional specialising in compensation and benefits, currently at an international law firm.",31-59
LewisDuncanVEVO,Bagpiper and professional exam screwer-upper,31-59
stripywolf,Still believe experts have something to offer. #StopTheCoup #GTTO,
angelajnewton,"Likes ghost stories, libraries and tea. Amateur collagraph maker, professional library person. Dislikes the Tories.",
MoretteThompson,"A life full of experience. 
Don't be fooled by appearances.",
hausemp,European. Londoner. Born in Luxembourg. Liberal. Citizen of nowhere. Trusts experts. Believes in humankind. Opinions are my own.,
mattburton72,Father of 3 - Guitar for 7th Son - AVFC & Warwickshire fan - Ex-Cricketer for FOCC - Automotive Industry professional - Warwick Uni Graduate - Aston Uni MBA,31-59
israelioutlook,The view of Israel and the world beyond from your average blue & white Israeli. I block Nazis. Blocked? Seek professional help or better yet jump off a bridge.,
jonnybed,"So called property expert, mad about golf, football and politics.",
denispayne,Views very much my own! Community worker/activist; GIS expert; webmaster; amateur archer; very amateur silver worker,
Gecko17k,"Data Scientist, Machine Learning expert. Currently working on medical tech to detect heart attacks.
British & South African.
Very into science and learning.",31-59
winning_here,An independent experiment in curating coverage of the Lib Dems and associated issues ahead of the 2019 General Election. Edited by @simond #BrighterFuture,
ImmigrSchorschi,"Troubled Grandpa (ex) Brit immigrant in Bavarian Swabia still dreaming of having money to buy a Camper & use my EU FoM to experience more, especially Ireland",
Favourite_Lucy,"Sarcasm is good, my interests are purely domestic. A depressive of experience. RTs don't = endorsement",31-59
AbordAlessandro,"Italian and British professional in London. I'm interested in personal development, holistic medicine. I am a health coach by passion",31-59
paulms1,"Leftie, Food, Wine, MUFC, Work in Mental Health. #NHS, Fuck Brexit. Burger eater and self-appointed expert ğŸ™ˆ. Probably swears too much ğŸ¤·â€â™‚ï¸",31-59
DianaKloss3,"barrister, academic lawyer, expert on work and health",
nbcommunication,"https://t.co/EaXA1rmox9 provide professional Web Design, Online Strategy and Digital Marketing services.",
SamTalksSex,Sexual health & pleasure expert Founder of Jo Divine https://t.co/ncpl8pwO7H (w/ @wholesomepaul) featured on @Independent @WomansHour @patient @NetDoctor,
ogbonna_ugwuowo,"partner https://t.co/Hhj8EqlAJ1, Business Intelligence / Data Analyst, professional salesman.",31-59
soniatalks,"Founder of Sistatalk, Letâ€™s Talk Business & NBWN. Inspiring and empowering women to live on passion in their personal, professional and business lives!",
brian_kieran,"Psychotherapeutic Counsellor, dad & husband. Eclectic interests: experience of the world(s) within & around us. If hateful now native identity, proud foreigner",31-59
MelanieMurza,"English tutor and entrepreneur. Background in professional acting and singing. Interests: environment, baking, community, theatre",
nik_haidar,"love international cooperation, innovation, EU, experts, open minds and Barnet FC .",
EgpGeoff,part time East Yorkshire legal professional - wills - probate - powers of attorney - deputyship - elderly client issues,over60
CllrBobBarr,"Liberal Democrat Group Leader Warrington Borough Council, Geographer, FRSA, Visiting Professor University of Liverpool. Want a close relationship with Europe!",
iAntsaoir,Retired Senior System / Functional Safety Consultant. Now focusing on my 50+ year interest in Archaeology; studying @ The University of the Highland and Islands,
dbkell,Liverpool University researcher. Systems Biologist. ENTJ. CBE. ORCID 0000-0001-5838-7963 No brexit lies.#saboteur #FBPE https://t.co/9z5KQG7FSj,31-59
AaronH300497,"East European Languages and Cultures student at UCL, London. 
Erasmus+ w Polsce. West Country born Lib Dem
#FBPE #FBR #stopBrexit #jestemLGBT ğŸ‡ªğŸ‡ºğŸ‡ªğŸ‡ºğŸ‡ªğŸ‡º",below30
bingohandjive,Finalist in @thelondonmag Short Story Competition. Investor in @madsquirrelbrew. International student recruitment specialist. All views my own.,31-59
JoeJohnsonTod,"Lib Dem Prospective Parliamentary Candidate for Worsley and Eccles South, campaigner, student @SalfordUni_PCH. Contact: Joe@SalfordLibDems.org.uk",below30
TheoLong1999,"Liberal Democrat, President of @UofWLibDems, Medieval/Renaissance history student, social democrat",below30
RHHassall,"Ret'd clinical psychologist. Now doing PhD on philosophy of psychiatry, Philosophy Dept University of Sheffield. LibDem. ğŸ‡¬ğŸ‡§ğŸ‡ªğŸ‡º Blocked by many Brexiters.",
Andymorgantwit,"Emeritus Professor of Virology, University of Bristol",
Huwniverse,"Proud @NorthSomersetC Councillor for Portishead South // Board Member @Alliance_Homes // UWE GDL Student // Liberalism, Linguistics, and Cider ğŸ³ï¸â€ğŸŒˆ",below30
MattCoot,"Writer. Postgraduate student. Regularly comments upon politics and current affairs, and sometimes about mental health. Proud to be dangerous and extreme ğŸ”¶",below30
clrnicksandford,"Lib Dem leader PCC, Paston & Walton councillor. Republic & Notts CCC supporter. Work in conservation but views my own . Student of all things political.",
amymariemason,"#stats researcher in Mendelian Randomization at University of Cambridge. 
Disabled, part-time worker. Enjoys outreach, teaching and LARP. She/Her.",
atreoborfirst,"Bass singer, chartered engineer (MIEE), student of philosophy (Birkbeck) & tai chi. Lay contributor NHS (NIHR) research projects using 'big data'.",
wilcox_ps,#FBPE former researcher at University of Brighton passionate about improving women and children's lives today,
JHinkley24,"Ex-teacher, student of local history and anti Brexit campaigner. Blocked by that idiot John Redwood MP. Don't add me to lists because I will just block you.",
MatthewR0226,"History and politics student at the Uni of Liverpool, Lib Dem member and Pro-EU. Mostly politics and any of my other ramblings.",below30
dino_mahoney,"Playwright, poet, performer, story-teller, film-maker, traveller, remainer, guest lecturer MFA, creative writing @ University of Hong Kong TUTTI FRUTTI out now!",
euandavidson,Social Work student. Proud European. Liberal. Anti-Nationalist.,below30
gippymother,Lover of all things Glastonbury             Open University IT & Computing Student,
mawstrategy2018,"MBA, Doctoral Student, Business Strategist, and founder of Strategic Turnaround.  +44 (0) 7772 076 476  michael@strategicturnaround.co.uk",31-59
ryohei_takada,"Hip Surgeon, MD, PhD, Assistant Professor at Tokyo Medical and Dental University Hospital #TMDU #Exeter #THA #Osteotomy #Japan",
lisaphilpott75,"European, wildlife lover, girly swot, F1 fan. Views my own. Student at @cassCCE. Supporter of @helpingrhinos. Not all who wander are lost.",below30
rider_jon,"Academic in German/Cultural Studies at Royal Holloway, University of London. Research on culture/history/sport. Cyclist. European.",
Banoffee_Pi,"Politics and Mandarin student @UniofHull. Anti-Nuclear, Pro-Human Rights, anti-CCPğŸš«, Remoaner ğŸ‡ªğŸ‡º Green ğŸ’š #FollowBackHKğŸ˜· #FreeTibet #CloseTheCamps He/Him",
quietest1one,claire (she/her) : former university challenge contestant and very tired human being : all my dumb fandom shit is creeping into here now tumblr has died :|,
ScottishYL,Youth & Student wing of @scotlibdems - building a brighter future for Scotland ğŸ”¸ Co-Chairs: @AndrewR182 & @Wilson_Chris16ğŸ”¶,
harvey_r_j,"Modern Languages student on exchange in ğŸ‡©ğŸ‡ª - expect bad memes and even worse opinions - lefty @LibDems member, Doctor Who fan and HS2 stanğŸ´ó §ó ¢ó ·ó ¬ó ³ó ¿",below30
KatrinaMaclaine,"Associate Professor Advanced Practice, London South Bank University 

Chair Association of Advanced Practice Educators (AAPE) UK",
jakeshortj,"ğŸ³ï¸â€ğŸŒˆ Lib Dem, RHUL History MRes student  @SuttonLibDems Cllr for Carshalton Central. Views own, etc. He/Him",below30
garrylayden,"Musician, architect, teacher, student, researcher, writer, veggie, lefty, European, dad. The opinions I express are either mine or my wife's.",below30
RealLateStarter,An aperiodic mathematician at the Open University. Was physicist. Sometimes theoretical quasi-crystallographer. Trainee juggler. All views my own.,
gill_othen,"Escaped English/Drama teacher, perpetual student, ardently pro-Europe. There may be random outbreaks of Early Modern theatre.",
AgnesAyton,"Consultant psychiatrist - eating disorders. Chair of the Eating Disorder Faculty, Treasurer of EPSIG at RCPsych HSL @ University of Oxford",
SusanStallabras,"PhD student with the Human Rights Centre, University of Essex. Researching right to health and social determinants of health using the capability approach.",
JillAshleyJone1,Retired NHS Executive Nurse. Alumni Universities of Bristol/RGU/Oxford Brookeâ€™s /True Blue Chelsea fan Mother of Cats (5BSH)European whatever the Tories do!!,
COWIEKIM,Lecturer in Initial Teacher Training at Newcastle University.  Former school teacher / leader. Views are my own.,
seusssl,"Was mature student in  BA & MA Politics  (Newcastle Uni). EU Rejoiner, Labour, ex teacher, England cricket  and Newc Utd fan. Rescue lurcher owner.",
dianabaurartist,I am a practising Fine Artist with a Masters Degree from Glyndwr University. Please go to https://t.co/zMu0KMCOvM or https://t.co/73AZxnaaSp for more about me.,
rupdavies,3rd Year Student Nurse at @CityUniLondon. Student Information Officer for @theRCN. Dad. Husband. Ex-accountant. Nomad.,below30
ryanjwilson,@WycombeLibDems Youth & Students Executive Officer | Head of Social Media team ğŸ”¶,below30
als235,"Studied at the University of Glasgow. Trainee Psychiatrist. Love formula 1, and a proud Remainer! ğŸ‡¬ğŸ‡§ğŸ‡ªğŸ‡º",below30
WycHighAlumnae,WHS Alumnae are dedicated to maintain fellowship  between students and staff and to continue the school's tradition of service to the community.,
robertashton1,"An outspoken, strongly ethical, somewhat maverick social entrepreneur, author, speaker, MA student & Quaker. Founder of @swarm_tweets & @norwichmustard",
Sparkletutu,"OU student, English Literature & Creative Writing.  
Bollocks to Brexit.
LD Member",
Jseldon2,"Mature student, School of Education, Bristol Uni...",
pollycompston,"Vet, epidemiologist & #PhD student @royalvetcollege researching socioeconomics of #FMD in #Kenya Tweets about #equality #animalwelfare #onehealth #collaboration",
AdaMcVean,"Science Communicator, Masters student, @mtlARN twitter tender, perpetually anxious, vegetarianğŸ„ Committed to science, social justice & animal rights ğŸ€ she/her",below30
barry_pettifor,"European. Ocean advocate, marine biology student. Dad, husband, muso & gardener.",31-59
CaroleBriz,Veterinary Surgeon. Programme Manager Veterinary Physiotherapy Harper Adams University. Occasional Endurance rider. All opinions my own.,
MrsWeasley5,"mum, wife, data science student, NHS data analyst, she/her",
DominicFurniss,"Associate Professor of Plastic Surgery, Consultant Hand, Plastic and Reconstructive Surgeon, Oxford University. Avid SUFC fan.",
MCharlesworth19,"Husband, Councillor, Gardener, student of history.",
tishorgan,"Recovering #MECFS er, Liberal, Universal Energy student, watercolour student",
stop1984,"Just one of the 99%, mad as hell, and not going to take it any more.
Defend your NHS, Defend no fees for students, Defend yourself.",
georgiokon,"Enraged feminist, published author, Features editor for @TCSNewspaper, @Cambridge_Uni student, speaker of ğŸ‡¬ğŸ‡§, ğŸ‡¬ğŸ‡·, ğŸ‡«ğŸ‡·, ğŸ‡ªğŸ‡¸ , ğŸ‡·ğŸ‡º . And breathe.",below30
museumsmithery,"Director of Oxford University Museum of Natural History. Museums, science and organisms - dead or alive. Views are my own.",
dicksonjulie1,Prof of Legal Philosophy @OxfordLawFac & Fellow @SomervilleOx 1st generation uni student. Enjoy photography. Views my own. https://t.co/1v1zvJgeT0,
MrScrabble7,"Dancer, Building Designer, Football Student, Has bewilderment, will travel",below30
KianHearnshaw,"Liberal Democrat, Law Student, Academic and Baker",below30
English_YL,Young and student Liberal Democrats in England. Chair- @Worralljack Join us today! https://t.co/mYi9BKni3A,
GeorgePippas,"Cambridge City Councillor, Liberal Democrat, Former Mayor, Hon. University Fellow",
jaredjeya,"REJOIN ğŸ‡¬ğŸ‡§ğŸ‡ªğŸ‡º Social Liberal ğŸ§¡ Lib Dem ğŸ”¶ but #1 priority is the climate crisis ğŸŒ Cambridge grad, now a Condensed Matter Physics PhD student at UCL!",
CamUniLiberals,"Association for Liberal Democrats at the University of Cambridge, founded in 1886.",
DrySeer,"European, humanist, and lifelong student of nature, history, economics and politics.",
GraceGrace90,"Retiree,U3A student, volunteer. Into using my time to help others & prove there is life after retirement!",
flowersorcakes,"Mum and post grad student. Loves sunshine, flowers and Psychology #proEU ğŸ”¶ 2x Breast Cancer now getting on with life",
PaulHulbert,"Lib Dem councillor, community activist. Hands-on conservation volunteer at Wapley Bushes Local Nature Reserve near Yate. Retired university lecturer.",
UWELibDem,Liberal Democrat Society at the University of the West of England. Account run by the committee. RTs not necessarily endorsements.,
quartz_23,"PhD student in climate science. Swimmer. Runner. Very left wing, socially liberal @LibDems member. He / Him. ğŸ³ï¸â€ğŸŒˆ",below30
Wannowan58,Lib Dem Cllr ğŸ”¶for Rustington West. University of Kent Graduate. ğŸŒğŸ”°ğŸ—,below30
ScottishScouse,"Politics, History and Education student @StirUni. Usually found obsessing over boys. Profile picture courtesy of @nicolehcx and @gothictales",
mattbentham277,PhD Student at UCL Institute of Neurology and Haringey Lib Dem! ğŸ”¶,below30
LeicInnovation,Launching Great Ideas #LeicInnovation | University of Leicester,
LeoEvans94,"Lib Dem Councillor for Cambridge Ward, Southport | Alliance member | Used to work for an MP, now work for a University | LFC, F1, Cricket & Golf Fan |",below30
torspedia,"OU student. Linux. Left Libertarian. Unitarian, Universalist. Grey-multisexual, GSRM. See @toranshaw, for my work tweets.",31-59
GavinCullen1,"Nursing lecturer, PhD student researching compassionate mind training, mindfulness teacher & novice gardener",
kelcentro,"Fond of my family, coffee, fashion, cooking, reading, converse, seafood, music. childrenâ€™s services in derby and student at NTU!",31-59
LecturerMish,"Occupational therapy educator. PhD student, topic- people enabling service improvement. Interests: systems, equality, human rights. Tweets r own personal views.",
DianeYeo5,"Chair, University of Westminster; Chair, ETAT arts charity for lonely and isolated people; , Regent Street Cinema, not for profit consultant,FInstF, FRSA.",
DrJacqueBaxter,"Open University Business school.Director Centre 4 research online learning  @OU_SCiLAB. ED, Sage-@Management in Education .Assoc Prof Public pol. photographer.",
ProfZeki,Professor of Neuroesthetics at University College London,
wrdanks,"Liberal Democrat election agent, proud European, swimmer, skier, keen traveller, sci-fi geek, PhD Linguistics, university administrator ğŸ³ï¸â€ğŸŒˆ ğŸ”¶",
Iddonpaula1,"Teacher. Tutor mentorNQT  
 Erasmus teachers and students.English teacher. / Drama Expressive Arts
Politic lit
https://t.co/APgzqos8B4 ordinator 
EUCitizenship.Eurotom. S",
ChrisBramall,b. London 1942; 30 years in Stourbridge; 3 university degrees; m. to Helen; 3 sons/1 stepdaughter/2 granddaughters/2 grandsons; CofE; WBA; LibDems; #RejoinEU.,over60
asthiggins,Director of Development Imperial War Museums Tolkien Scholar and author w/PhD from Cardiff Metropolitan University. Live in Brighton UK Single,
meicspeak,Ex  Senior Marketing executive with BNFL and University of Salford .Ardent remainer. Liberal Democrat.Onward ever onward !,
Hunor10,Red Lichtie | Scotland-Transylvania | MEarthSci Geology | University of Edinburgh | Student Ambassador | Geoconservation | Liberal |ğŸ´ó §ó ¢ó ³ó £ó ´ó ¿ğŸ‡¬ğŸ‡§ğŸ‡ªğŸ‡ºğŸ”¶,below30
DannyJDavidson,Economics Student @QueensCam Policy Geek & Radical Fencesitter @CamUniLiberals HS2 Stan Account Plastic Woolyback He/Him,below30
LevEakins,"Christian, British & liberal. Brother, son, and Godfather to an adorable girl. Currently reading a Masters in Theology at University of Manchester.",
barnes_sean,Former OU Student working on supporting an IT system with some data analysis..  Support Liverpool football club.  Enjoy listening to music and gaming,
ApingSpring,FutureLearn student with much to say. Paid office cleaner & unpaid charity volunteer. Experienced craftswoman & carer. Wannabe writer & artist. Has had PTSD.,
john_alistair,"Was a student, now I'm sick and spend a great deal of time in hospital waiting rooms.",
Marathonmiss,"Trustee of parkrun global; Trustee Hospice UK; trustee of Cycling UK, Council member Bath University, trustee MS Society",
gvs368,"Retired from University of Dundee after 42years including it being part of St. Andrews. Specialty, computing and IT in the Medical Environment. Artist.",
IanRobinson,"Writer, walker, secularist, optimist, Apple enthusiast, cinema lover, hobby musician, science junkie, perpetual maths student, cricket fan, chess patzer.",
edofmund,World citizen / US / UK. Teacher. Umpire. Nerd. Catholic. Theology student @YourStMarys. Sec @LDEA_UK. They/them preferred but not fussy.,
truby_sue,"ex OU staff tutor, ex tutor, ex student. Interested in stained glass, silver smithing, bird watching and lizards.",
docsladea,"ITM Research Fellow, Institute for Translational Medicine & Centre Patient Reported Outcomes Research, University of Birmingham",
alexfeakes,"Liberal politics, science, education, arts & film, cricket and other enjoyables. I teach physics and, occasionally, economics. EdD student @ UCLIoE.",31-59
melanie23042000,"PhD, Fine Art/Art History, Newcastle University-thesis on the origins, rationale & role of the Hatton Gallery Collection formed in the 1950s by Lawrence Gowing",
SimonEd86589453,"Uni Student, Avid Wisconsin sports fan! Blogging about all things sports!",
a__cubed,"Deputy Director of the Centre for Business Information Ethics, Meiji University. #FBPEğŸ”¶.
SF fan/conrunner.
He/Him.",
JamesBezer,PhD student at @ImperialBioeng,below30
ChrisJAnsell,"Course Director MSc Global Finance at Coventry University London; Visiting Fellow at Cranfeld University. 

All views my own. RT does not imply endorsement",
SamGyimah,"Former Minister for Universities, Science, Research and Innovation. Interests in Tech & Sustainability. Dad. Arsenal fan. Views my own.",
lynda_brady,"PVC (Student Experience), Edge Hill University, Ormskirk Tweets my own/RTs not endorsements",
LCalvoSotelo,"Estudiante de Derecho y EconomÃ­a en la Universidad Carlos III de Madrid. Ahora, en UniversitÃ© Paris II PanthÃ©on-Assas.",below30
adhorstrebor,WORKINGCLASS psychiatric nurse with special interest in trauma. Scrap bursaryReinstate a living wage for student nurses to save NHS. Ex SNP Pro Brexit#democracy,
Stephen37929091,"Dr Stephen McGhee - All views are my own. Associate Professor & Associate Dean Undergraduate Programs, School of Nursing & Health Studies, University of Miami",
SandraM73559799,"Born Birmingham, UK.
BA History Open University
BSc University of Maine in Augusta

Married to Dale McIntyre",
StephanMashford,"Aberdeen based, studentğŸ´ó §ó ¢ó ³ó £ó ´ó ¿ ğŸ‡¬ğŸ‡§ Politics, coms, IR, pro-EU Eurosceptic ğŸ‡ªğŸ‡ºRT not endorsement, views are own ect.",below30
Maria_9327,"PhD student in the Eswara Lab at the University of South Florida. Studying cell division in Gram Positive bacteriağŸ§«ğŸ¦ ğŸ”¬.
 ğŸ‡¬ğŸ‡§âœˆï¸ğŸ‡ºğŸ‡¸ Politically opinionated",below30
7freedomwriters,Human rights activist - #FreeIran. MSc student at @KingsIoPPN,below30
NathanielMcLa16,"Ambassador, HRH #iWill Campaign, Climate & LGBTQ Activist. Student at Nottingham Academy, Greenwood Campus. Views are my own.",below30
SnijderMajumder,"Lecturer at Regent's American College, RBS/EBS at Regent's University London, StuurmanMarketing68 Consultant. Ethical business is the only business.",
Joe_Gibby,U.K. STEM Awards Winner 2017 - Electronic & Electrical Engineering Student - RAEng Leaders Scholar - Soon the robots will take over.,below30
MichaelBoyes16,Studying a PhD in Cellular and Molecular Physiology at the University of Liverpool. Enjoy long-distance cycling.,below30
thechidg,Final Year Retail Student @bournemouthuni ğŸ‘¨ğŸ»â€ğŸ“ â€¢ Wycombe Wanderers âš½ï¸ fan â€¢ RTs = â€œlook at thisâ€ not â€œI agree with thisâ€ â€¢ Likes â‰  endorsement.,below30
MLEurope,"Academic director, European public policy, Johns Hopkins University, SAIS Europe, and senior fellow German Marshall Fund",
SarahThunder26,"Teesside University Graduate ğŸ‘©â€ğŸ“, Fanfiction Author (TintinRossi56). Aspiring WriterğŸ“˜ğŸ–Šï¸Currently looking for work",
Eleanor_Harris,"Passionate about tourism, putting visitors first, walking and staying in Europe. Mum to 2 boys. French student. @LibDems member. Views my own.",
SquireKaren,Apprenticeship Mentor Manager for the University of Exeter Business School. Flying the flag for Degree Apprenticeships. All views belong to just me.,
Ionaonie,Former arts student working in a bookshop pretending to do some work,
zoka64620384,Research student UEA Norwich. Proud graduate of both University of Brighton and UWE.,below30
DULibDems,The official page of the Durham University Liberal Democrats. Make sure to follow for updates!,
ChristopherPBr3,"Renew party candidate for Wirral West, Law student, British/ American citizen, working to make our area, our country and our world a better place",
M_Watts86,"Psychology Student, Clio RS owner, Motorsports, NFL.",
ThoroughbredAli,"#FBPE. Regulatory affairs for cell therapies, horse lover, dog person, PhD student. ğŸ‡ªğŸ‡ºPro-EU all the way ğŸ‡ªğŸ‡º.",
adamfrankenberg,"Progressive rabbi, #anevercloserunion #stopthecoup, #epilepsy & #narcolepsy #Keele & #Manchester 4 University #FBPE #rejoin",
RetchinBtchFace,"artist, writer, PhD student researching art practice as: play, horror-philosophy, sf-â˜­, dogs throughout. they/them, yeehaw vibes.",
GeorgeBrownFFC,"Cardiff University, Liberal Democrats activist, Town councillor for home town of Hedge End,Model United Nations and Sports enthusiast!",
PeteTheRef,"PhD Student, Sport cyclist and Sport Psychology Consultant. My Tweets are my opinions based solely on my current grasp of matters.",
Emmingott,"Liberal politics, queer identity ğŸ³ï¸â€ğŸŒˆ, pro wrestling. With a mix of my weight loss, Mental Health and my Open University degree about sums up the content.",
BadWolf153,"Geophysics student, @YoungLiberalsUK Carers' Representative, former President of @EdinburghWhoSoc, @eusa's first Carers' Representative. She/her, views my own.",below30
SharonDavidson1,"Assistant Head post 16,Teacher of Biology and Outdoor ed supervisor. Excited by creative, energetic,bright interesting, funny DHSB students & colleagues.",31-59
WilliamHDavies,"Disciple, husband, father, dancer, musician, scientist and sports fan. Currently working at the dept of Meteorology, University of Reading",
dugtremellen,"Trainee planner and MSc student of place-making and mobility. Proud godfather, South Londoner and Hufflepuff. Views are my own and retweets are not endorsements",
traceyaj_,"Welsh ğŸ´ó §ó ¢ó ·ó ¬ó ³ó ¿, British ğŸ‡¬ğŸ‡§, European ğŸ‡ªğŸ‡º, Francophile ğŸ‡«ğŸ‡· University of Wales alumni.",
DrJennyRose,"Teacher & eternal student. Interests: psychology, languages, travel & health #Euratom #NHSLOVE 
Pursuing: the perfect pair of heels.",31-59
SYLVIASELZER,"In a previous life - head teacher and university lecturer. For many years, Action Transport Theatre's in-house photographer.",
AnsonJack1,"Professor at University of Birmingham. Husband, father, learning to ring bells and play bridge. Tweets are my own",
CJTerry,"Tried to reform the electoral system. Didn't. PhD student @OfficialUoM, originally from Dorset. Elections nerd. Romania-phile.",31-59
LibYouthSoton,Working with and representing Southampton students and young people in politics.,
drnataliemartin,"Ex BBC now Asst. Prof. in IR at the University of Nottingham. Interested in news media, ğŸ‡¹ğŸ‡· and all things political...because all things are political #WIASN",
RobertsMartinO,Once a lawyer (LLB Leeds) now Middle-Aged Medievalist (MA Lincoln). PhD Student Univ of Nottingham. Studying 16C church courts. Opinions expressed mine. #FBPE,
DailyAphorism,"Recently married, University of Salford employee, lover of books, Russophile, part-time traveller and kitten owner!",
MBASaunders,"Author of Leadership, and passionate about growing the potential of responsible leaders at Lancaster University, at church, and at home!",
BruceHenderson2,"Project Management, student projects, film (NBLB Films & IMDB listing), Santa, Radio, Rotarian + fuel tech (10%+ fuel saving), microrenewable ideas.",
Christopheryaje,LPC London University https://t.co/q3jTasgyUD https://t.co/oCFnupK16Z #EvermoreDogRescue https://t.co/8xMa0Tt2Gj,below30
WPTench,@YoungLiberalsUK Policy and Diversity (LGBT+ Rep) Committees Member â€¢ 3rd Year International Relations Student â€¢ US Embassy Future Transatlantic Leader â€¢ he/him,below30
alisonmoore52,Placement Manager University College Cork . PhD Student CREC & Birmingham City University.  Advocating Children's Rights Author,
DrRMHRumney,"Senior PDRA (not a medic!) at the University of Portsmouth. My opinions, not my employers!",
DrVCardo,"Lecturer, Winchester School of Arts, University of Southampton; politics, gender and digital media; co-director of @iPICResearch with @ShaunRCole",
JoshualtaylorLD,"Studying History and Politics at Durham University. @LibDems member. Help out at @Youngeuromove, @DurhamYEM & @DULibDems. Love thorough chats about politics.",below30
LancsUniLibDems,Representing @libdems at Lancaster University. We meet Wednesdays at 6pm in Bowland North SR 5! Interim President @j_a_r_perkins,
politicsastar,"News & debate especially for A-level politics students. I'm Head of Politics at the leading, academic, co-ed boarding school in the north of England. Insta too",
Tnttodda,"I'm just a guy doing things at my own pace.
PhD Student + WoW + Star Trek",below30
AidenW,"LFC fan, Alder Hey fan, cancer survivor (Wilms-1964!) slow jogger, p/t Birkbeck lit. student, francophile/hispanophile",
SueNieland,"PhD student and proud staff member of the Open University.  Into politics, Europe, social psychology. Love birds, books, Lego and the Arctic. Views are my own.",
JohnHoward46,Open University lecturer in social work.  Still wondering why we send so many people to prison.,
skylinermcr,"Alternative Manchester walking tours. Freelance researcher/writer. MA in Place Writing. Student @placemanagement City writer by day, nature writer by night.",
Bradley_SJ_,Vice President of the University of Sussex Liberal Democrat Society ğŸ•Š 18 â€¢ Sussex Politics Society Committee Member â€¢ Aspiring Politician ğŸ–‹ Social Sciences ğŸ¤”,below30
keeling_v,"Occasional retweeter of Tory bile as a daily reminder of the GE19 disaster.
worker, mum & partner. P/T student (exhausted!)    #AutismAwareness .",
PaulMarchant11,Visiting Lecturer for University of Hertfordshire and fledgling allotment holder. Very happily married and staunch European!,
JFitzAcademical,"Tweeting about Health Informatics, e-learning, research ethics, teaching and learning, and life at the University of Central Lancashire.  My views are my own!",
melon_h,"Head of Library and Archives Service at The University of Westminster. 
Film lover, swimmer and European too.",
Raphaelhd1,"History Student and Museum Volunteer. Interested in popular culture, history and politics.",below30
JonathanLibDem,Mature student studying software development.   Retired NHS employee & volunteer. @winld local election candidate for Bishops Waltham.,
Harini_Iyengar,Lead London Assembly 2020 Candidate at Womenâ€™s Equality Party. Practising Barrister. Writer. Inn of Court Bencher. University Governor. Lone Parent of three.,
JonMusgrove,"Farty bloke who likes to cling on to pretence of normality. University lecturer but convinced one day I will finally be a rock star. Rugby Union, History, News",
alsaadoons,Studied at Manchester University (Economics) and London University ( Political Science). Qualified as a Chartered Accountant.,
amywok1,"Lancaster Uni PG student, Rock choir singer  and LGBT rights speaker. views and tweets her own!",
adrian_warner,"Recovering from Redundancy author. University lecturer/media trainer, journalist at Reuters, BBC, Evening Standard. Singer @thechoir.  https://t.co/abgORmQ6sm",31-59
maxrimmer1027,"Politics and music student, F1 and cricket fan. Liberal Democrat member, and an advocate for liberal ideals.",below30
Cam_Spencer_8,History and Politics Student ğŸ”¶,
AlexAgnewAA,Physics Student | Photographer | Interest in Politics & International Relations,below30
EayrsHugo,"He/Him. Student, philosophile, generic nerd and snob.",below30
tariq_43,"A student, teacher and practitioner of political philosophy. Interested in all practices against corruption and communalism.",
PaulHindley2210,Social Liberal. Politics PhD Student. Sci-Fi Geek. Disabled Person. Gay. Lancastrian. European.,below30
OliverPridmore,Journalism student at the University of Lincoln.,below30
chaletschoolfan,Trying my best. Mostly harmless. Old and creaky. University Disability Adviser. Former Mental Health Occupational Therapist. Extreme traveller. Telly watcher.,
DwanJamie,Former Lib Dem Parliamentary candidate - 20 - UoM Politics student - MCFC season ticket- Vice President @UoMPolSoc - Chair @ManchesterYL,below30
TerryeT,At Falmouth university doing a 3 year Fine Art BA. Chair KCS Trade Print manufacturer of integrated label forms. 3 daughters 4 grandsons,
falabdullah57,Political Science student at Michigan State University. Retweets are not endorsements.,
CallumShephard,"Writer, reviewer, former film student, science fiction enthusiast.",
siavosh33,"Senior University Lecturer, President of National Association of #Iran'ian Academics in UK",
AberystwythYL,Aberystwyth Student & Young Liberals // Myfyrwyr a Ieuenctid Rhyddfrydol Aberystwyth. A part of @rhicymru and @YoungLiberalsUK.,
DaveArnold91,SU staffer. Student representation in HE. Palaeontologist. Long distance runner & @parkrunUK addict. Politics/transport nerd. Views my own. He/Him.,
TimUnwin,"UNESCO Chair in ICT4D; Emeritus Professor of Geography, Royal Holloway, University of London; Honorary Professor, Lanzhou University; Shujaa; views my own",
victorgavin,"Professor of Contemporary History at the University of Barcelona and FC Barcelona' supporter. Lover of good soccer,  good food,  good beer and good friends.",31-59
arborist2222,"Dad, husband, GYM, University of Central Lancs Arb FdSc student, RFS-Cert Arborist, Birder, RSPB Liverpool, Field Ecologist for @SKEnvironmental.com and nobhead",